<application>
  <component name="VimSettings">
    <state version="4" enabled="true" />
    <globalmarks />
    <filemarks>
      <file name="$USER_HOME$/IdeaProjects/Basics/src/Foobar.kt" timestamp="1549488059173">
        <mark key="[" line="2" column="38" />
        <mark key="]" line="2" column="37" />
        <mark key="^" line="2" column="37" />
        <mark key="." line="2" column="37" />
      </file>
      <file name="$USER_HOME$/IdeaProjects/Basics/src/Runner.kt" timestamp="1549487980154">
        <mark key="[" line="2" column="16" />
        <mark key="]" line="2" column="16" />
        <mark key="^" line="2" column="15" />
        <mark key="." line="2" column="16" />
      </file>
    </filemarks>
    <jumps />
    <registers>
      <register name="&quot;" type="4">
        <text>:</text>
      </register>
      <register name="-" type="4">
        <text>:</text>
      </register>
    </registers>
    <search>
      <last-dir>0</last-dir>
      <show-last>false</show-last>
    </search>
    <history />
    <shortcut-conflicts>
      <shortcut-conflict owner="ide">
        <text>ctrl pressed O</text>
      </shortcut-conflict>
      <shortcut-conflict owner="ide">
        <text>ctrl pressed V</text>
      </shortcut-conflict>
      <shortcut-conflict owner="ide">
        <text>ctrl pressed X</text>
      </shortcut-conflict>
      <shortcut-conflict owner="ide">
        <text>ctrl pressed N</text>
      </shortcut-conflict>
      <shortcut-conflict owner="ide">
        <text>ctrl pressed C</text>
      </shortcut-conflict>
      <shortcut-conflict owner="ide">
        <text>ctrl pressed Q</text>
      </shortcut-conflict>
      <shortcut-conflict owner="ide">
        <text>ctrl pressed S</text>
      </shortcut-conflict>
    </shortcut-conflicts>
  </component>
</application>